{
  "monthly_income": 5416.666666666667,
  "monthly_expenses": 3791.6666666666665,
  "savings_rate": 0.30000000000000004,
  "debt_to_income_ratio": 0.2,
  "investment_portfolio": {
    "stocks": 0.6,
    "bonds": 0.3,
    "cash": 0.1
  }
}