{
  "profiles_simulated": 20,
  "total_simulations": 50,
  "simulation_date": "2025-07-19T00:32:36.165694",
  "profile_results": [
    {
      "profile_id": "profile_0008_month_00",
      "mesh_params": {
        "initial_value": 380.9922180175781,
        "drift": 0.0,
        "volatility": 4.431674003601074,
        "time_steps": 39,
        "num_paths": 50
      },
      "simulation_stats": {
        "mean_final_value": 470.7481178602146,
        "std_final_value": 2546.208751047058,
        "min_final_value": -2322.6834530531096,
        "max_final_value": 16519.963814481416,
        "var_95": -85.73593871637684,
        "var_99": -1258.9686092730906
      },
      "actual_stats": {
        "mean_amount": 380.9922180175781,
        "std_amount": 1688.433349609375,
        "min_amount": -99.56796264648438,
        "max_amount": 7643.74609375
      }
    },
    {
      "profile_id": "profile_0000_month_01",
      "mesh_params": {
        "initial_value": 253.24252319335938,
        "drift": 0.0,
        "volatility": 5.2886152267456055,
        "time_steps": 49,
        "num_paths": 50
      },
      "simulation_stats": {
        "mean_final_value": 920.0957358430611,
        "std_final_value": 3902.7910159465346,
        "min_final_value": -37.63681740562322,
        "max_final_value": 23699.7004164043,
        "var_95": -0.018881855350177442,
        "var_99": -19.229089522916272
      },
      "actual_stats": {
        "mean_amount": 253.24252319335938,
        "std_amount": 1339.30224609375,
        "min_amount": -92.41999053955078,
        "max_amount": 7045.02587890625
      }
    },
    {
      "profile_id": "profile_0002_month_00",
      "mesh_params": {
        "initial_value": 354.2762451171875,
        "drift": 0.0,
        "volatility": 5.778913974761963,
        "time_steps": 72,
        "num_paths": 50
      },
      "simulation_stats": {
        "mean_final_value": -14.813934960344419,
        "std_final_value": 62.40317963467745,
        "min_final_value": -413.6422067089786,
        "max_final_value": 3.304985500605046,
        "var_95": -78.64491719782517,
        "var_99": -279.84524522273557
      },
      "actual_stats": {
        "mean_amount": 354.2762451171875,
        "std_amount": 2047.3319091796875,
        "min_amount": -99.30581665039062,
        "max_amount": 12655.1357421875
      }
    },
    {
      "profile_id": "profile_0005_month_00",
      "mesh_params": {
        "initial_value": 747.8530883789062,
        "drift": 0.0,
        "volatility": 3.964832305908203,
        "time_steps": 32,
        "num_paths": 50
      },
      "simulation_stats": {
        "mean_final_value": -188.24362301340582,
        "std_final_value": 4411.495435837919,
        "min_final_value": -24925.081725494423,
        "max_final_value": 18321.78469500865,
        "var_95": -382.0625265858135,
        "var_99": -14659.284501172016
      },
      "actual_stats": {
        "mean_amount": 747.8530883789062,
        "std_amount": 2965.112060546875,
        "min_amount": -97.69817352294922,
        "max_amount": 12366.0712890625
      }
    },
    {
      "profile_id": "profile_0001_month_00",
      "mesh_params": {
        "initial_value": 620.3342895507812,
        "drift": 0.0,
        "volatility": 5.365355014801025,
        "time_steps": 41,
        "num_paths": 50
      },
      "simulation_stats": {
        "mean_final_value": -632.4663660830039,
        "std_final_value": 6699.221823538433,
        "min_final_value": -45846.24042738911,
        "max_final_value": 10268.902704268825,
        "var_95": -765.192838168641,
        "var_99": -25203.41581241948
      },
      "actual_stats": {
        "mean_amount": 620.3342895507812,
        "std_amount": 3328.313720703125,
        "min_amount": -489.9222717285156,
        "max_amount": 15410.7607421875
      }
    },
    {
      "profile_id": "profile_0004_month_01",
      "mesh_params": {
        "initial_value": 441.41192626953125,
        "drift": 0.0,
        "volatility": 5.532852649688721,
        "time_steps": 54,
        "num_paths": 50
      },
      "simulation_stats": {
        "mean_final_value": 1729.5712780885049,
        "std_final_value": 9217.679652399256,
        "min_final_value": -201.37626003854322,
        "max_final_value": 63367.806086045406,
        "var_95": -19.231204799183555,
        "var_99": -122.8544294503797
      },
      "actual_stats": {
        "mean_amount": 441.41192626953125,
        "std_amount": 2442.26708984375,
        "min_amount": -193.43524169921875,
        "max_amount": 13026.4873046875
      }
    },
    {
      "profile_id": "profile_0003_month_01",
      "mesh_params": {
        "initial_value": 104.81649017333984,
        "drift": 0.0,
        "volatility": 6.223784923553467,
        "time_steps": 30,
        "num_paths": 50
      },
      "simulation_stats": {
        "mean_final_value": 1818.810728723777,
        "std_final_value": 7735.856408421237,
        "min_final_value": -4963.012973600662,
        "max_final_value": 34528.17614321399,
        "var_95": -365.83513526885565,
        "var_99": -3265.3241634479314
      },
      "actual_stats": {
        "mean_amount": 104.81649017333984,
        "std_amount": 652.3552856445312,
        "min_amount": -198.4476318359375,
        "max_amount": 2787.118896484375
      }
    },
    {
      "profile_id": "profile_0009_month_01",
      "mesh_params": {
        "initial_value": 165.01376342773438,
        "drift": 0.0,
        "volatility": 7.84155797958374,
        "time_steps": 75,
        "num_paths": 50
      },
      "simulation_stats": {
        "mean_final_value": 422.8250168848439,
        "std_final_value": 2960.393756818296,
        "min_final_value": -50.845793643342056,
        "max_final_value": 21145.46578363204,
        "var_95": -0.7364282727118545,
        "var_99": -27.169915772445936
      },
      "actual_stats": {
        "mean_amount": 165.01376342773438,
        "std_amount": 1293.9649658203125,
        "min_amount": -199.52911376953125,
        "max_amount": 8067.4736328125
      }
    },
    {
      "profile_id": "profile_0006_month_00",
      "mesh_params": {
        "initial_value": 364.9347839355469,
        "drift": 0.0,
        "volatility": 6.005929946899414,
        "time_steps": 72,
        "num_paths": 50
      },
      "simulation_stats": {
        "mean_final_value": -31.209705116573137,
        "std_final_value": 190.17519106781694,
        "min_final_value": -1358.0712342351824,
        "max_final_value": 2.189423342330111,
        "var_95": -38.9622149375988,
        "var_99": -738.0028337183594
      },
      "actual_stats": {
        "mean_amount": 364.9347839355469,
        "std_amount": 2191.772705078125,
        "min_amount": -95.68161010742188,
        "max_amount": 13695.021484375
      }
    },
    {
      "profile_id": "profile_0003_month_00",
      "mesh_params": {
        "initial_value": 141.96302795410156,
        "drift": 0.0,
        "volatility": 5.308603763580322,
        "time_steps": 28,
        "num_paths": 50
      },
      "simulation_stats": {
        "mean_final_value": 61.33202284437195,
        "std_final_value": 1481.3619378621174,
        "min_final_value": -6419.577821512623,
        "max_final_value": 7744.024738680772,
        "var_95": -428.99806185056985,
        "var_99": -3936.196071236967
      },
      "actual_stats": {
        "mean_amount": 141.96302795410156,
        "std_amount": 753.62548828125,
        "min_amount": -188.00892639160156,
        "max_amount": 3184.97314453125
      }
    },
    {
      "profile_id": "profile_0005_month_01",
      "mesh_params": {
        "initial_value": 836.3463134765625,
        "drift": 0.0,
        "volatility": 3.785299301147461,
        "time_steps": 30,
        "num_paths": 50
      },
      "simulation_stats": {
        "mean_final_value": 48.235880264357974,
        "std_final_value": 2314.474804841825,
        "min_final_value": -8988.05750223724,