{
  "simulation_date": "2025-07-19T00:36:29.111579",
  "years_simulated": 30,
  "simulations_per_profile": 100,
  "portfolio_results": [
    {
      "profile_id": "profile_0008_month_00",
      "monthly_investment": 11886.959010658125,
      "allocation": {
        "stocks": 0.3,
        "bonds": 0.6,
        "cash": 0.1
      },
      "simulation_stats": {
        "mean_final_value": 9489471.464341877,
        "std_final_value": 1753039.0756053769,
        "min_final_value": 5617757.647307328,
        "max_final_value": 14716139.278997023,
        "var_95": 6395740.783745919,
        "var_99": 5890539.896961897,
        "median_final_value": 9521321.214410186
      },
      "recommendation": {
        "stock_allocation": 0.3,
        "bond_allocation": 0.6,
        "cash_allocation": 0.1,
        "monthly_investment": 11886.959010658125,
        "recommendation": "Excellent savings rate, maximize investment returns",
        "priority": "low",
        "expected_return": 0.05
      }
    },
    {
      "profile_id": "profile_0000_month_01",
      "monthly_investment": 9927.106417443676,
      "allocation": {
        "stocks": 0.3,
        "bonds": 0.6,
        "cash": 0.1
      },
      "simulation_stats": {
        "mean_final_value": 7924902.65906965,
        "std_final_value": 1464008.1993946398,
        "min_final_value": 4691534.474227134,
        "max_final_value": 12289827.915242126,
        "var_95": 5341248.280716918,
        "var_99": 4919341.974756305,
        "median_final_value": 7951501.207782881
      },
      "recommendation": {
        "stock_allocation": 0.3,
        "bond_allocation": 0.6,
        "cash_allocation": 0.1,
        "monthly_investment": 9927.106417443676,
        "recommendation": "Excellent savings rate, maximize investment returns",
        "priority": "low",
        "expected_return": 0.05
      }
    },
    {
      "profile_id": "profile_0002_month_00",
      "monthly_investment": 20406.312396911788,
      "allocation": {
        "stocks": 0.3,
        "bonds": 0.6,
        "cash": 0.1
      },
      "simulation_stats": {
        "mean_final_value": 16290551.60443592,
        "std_final_value": 3009437.736659259,
        "min_final_value": 9643990.31058378,
        "max_final_value": 25263158.990824934,
        "var_95": 10979551.988508401,
        "var_99": 10112274.90698837,
        "median_final_value": 16345227.989630418
      },
      "recommendation": {
        "stock_allocation": 0.3,
        "bond_allocation": 0.6,
        "cash_allocation": 0.1,
        "monthly_investment": 20406.312396911788,
        "recommendation": "Excellent savings rate, maximize investment returns",
        "priority": "low",
        "expected_return": 0.05
      }
    },
    {
      "profile_id": "profile_0005_month_00",
      "monthly_investment": 19145.037078746092,
      "allocation": {
        "stocks": 0.3,
        "bonds": 0.6,
        "cash": 0.1
      },
      "simulation_stats": {
        "mean_final_value": 15283663.624955008,
        "std_final_value": 2823430.119752478,
        "min_final_value": 9047913.630447708,
        "max_final_value": 23701691.231522776,
        "var_95": 10300926.78380357,
        "var_99": 9487254.447504316,
        "median_final_value": 15334960.566877678
      },
      "recommendation": {
        "stock_allocation": 0.3,
        "bond_allocation": 0.6,
        "cash_allocation": 0.1,
        "monthly_investment": 19145.037078746092,
        "recommendation": "Excellent savings rate, maximize investment returns",
        "priority": "low",
        "expected_return": 0.05
      }
    },
    {
      "profile_id": "profile_0001_month_00",
      "monthly_investment": 20346.96445130883,
      "allocation": {
        "stocks": 0.3,
        "bonds": 0.6,
        "cash": 0.1
      },
      "simulation_stats": {
        "mean_final_value": 16243173.579849448,
        "std_final_value": 3000685.3494755263,
        "min_final_value": 9615942.567257386,
        "max_final_value": 25189685.814663652,
        "var_95": 10947620.01366241,
        "var_99": 10082865.245437194,
        "median_final_value": 16297690.948996767
      },
      "recommendation": {
        "stock_allocation": 0.3,
        "bond_allocation": 0.6,
        "cash_allocation": 0.1,
        "monthly_investment": 20346.96445130883,
        "recommendation": "Excellent savings rate, maximize investment returns",
        "priority": "low",
        "expected_return": 0.05
      }
    },
    {
      "profile_id": "profile_0004_month_01",
      "monthly_investment": 19068.998209792662,
      "allocation": {
        "stocks": 0.3,
        "bonds": 0.6,
        "cash": 0.1
      },
      "simulation_stats": {
        "mean_final_value": 15222961.078873672,
        "std_final_value": 2812216.2248933953,
        "min_final_value": 9011977.783678928,
        "max_final_value": 23607554.57427272,
        "var_95": 10260014.310320884,
        "var_99": 9449573.658760408,
        "median_final_value": 15274054.283324912
      },
      "recommendation": {
        "stock_allocation": 0.3,
        "bond_allocation": 0.6,
        "cash_allocation": 0.1,
        "monthly_investment": 19068.998209792662,
        "recommendation": "Excellent savings rate, maximize investment returns",
        "priority": "low",
        "expected_return": 0.05
      }
    },
    {
      "profile_id": "profile_0003_month_01",
      "monthly_investment": 2515.595784502596,
      "allocation": {
        "stocks": 0.3,
        "bonds": 0.6,
        "cash": 0.1
      },
      "simulation_stats": {
        "mean_final_value": 2008223.8351669298,
        "std_final_value": 370989.56130891904,
        "min_final_value": 1188866.5085201608,
        "max_final_value": 3114325.362879162,
        "var_95": 1353508.3733305233,
        "var_99": 1246594.4670924877,
        "median_final_value": 2014964.0869788104
      },
      "recommendation": {
        "stock_allocation": 0.3,
        "bond_allocation": 0.6,
        "cash_allocation": 0.1,
        "monthly_investment": 2515.595784502596,
        "recommendation": "Excellent savings rate, maximize investment returns",
        "priority": "low",
        "expected_return": 0.05
      }
    },
    {
      "profile_id": "profile_0009_month_01",
      "monthly_investment": 9900.827205330075,
      "allocation": {
        "stocks": 0.3,
        "bonds": 0.6,
        "cash": 0.1
      },
      "simulation_stats": {
        "mean_final_value": 7903923.716243892,
        "std_final_value": 1460132.6509326783,
        "min_final_value": 4679114.960987156,
        "max_final_value": 12257294.064889112,
        "var_95": 5327108.833569128,
        "var_99": 4906319.405461951,
        "median_final_value": 7930451.852807389
      },
      "recommendation": {
        "stock_allocation": 0.3,
        "bond_allocation": 0.6,
        "cash_allocation": 0.1,
        "monthly_investment": 9900.827205330075,
        "recommendation": "Excellent savings rate, maximize investment returns",
        "priority": "low",
        "expected_return": 0.05
      }
    },
    {
      "profile_id": "profile_0006_month_00",
      "monthly_investment": 21020.244199687757,
      "allocation": {
        "stocks": 0.3,
        "bonds": 0.6,
        "cash": 0.1
      },
      "simulation_stats": {
        "mean_final_value": 16780659.151561297,
        "std_final_value": 3099977.8351872778,
        "min_final_value": 9934133.489918083,
        "max_final_value": 26023210.90228168,
        "var_95": 11309876.057593798,
        "var_99": 10416506.609564453,
        "median_final_value": 16836980.496956274
      },
      "recommendation": {
        "stock_allocation": 0.3,
        "bond_allocation": 0.6,
        "cash_allocation": 0.1,
        "monthly_investment": 21020.244199687757,
        "recommendation": "Excellent savings rate, maximize investment returns",
        "priority": "low",